TCFG_ID,PROCESS_CODE,REQUESTOR_GRP,TASK_NAME,TASK_ALIAS,TASK_SEQUENCE,TASK_SLA_DAYS,IS_MANDATORY,SOURCE_ACCESS,TASK_GRP,TASK_REQUEST_STATUS
TCFG001,101,NUS_CHRS_ECLAIMS_ESS,CLAIMANT,Claimant,0,0,0,R,NUS_CHRS_ECLAIMS_ESS,15
TCFG002,101,NUS_CHRS_ECLAIMS_ESS,CLAIM_ASSISTANT,Claim Assistant,1,0,1,R,CLAIM_ASSISTANT,02
TCFG003,101,NUS_CHRS_ECLAIMS_ESS,VERIFIER,Verifier,2,0,1,I,VERIFIER,03
TCFG004,101,NUS_CHRS_ECLAIMS_ESS,ADDITIONAL_APP_1,Additional Approver 1,3,0,0,I,ADDITIONAL_APP_1,04
TCFG005,101,NUS_CHRS_ECLAIMS_ESS,ADDITIONAL_APP_2,Additional Approver 2,4,0,0,I,ADDITIONAL_APP_2,05
TCFG006,101,NUS_CHRS_ECLAIMS_ESS,APPROVER,Approver,5,0,1,I,APPROVER,06
TCFG007,101,CLAIM_ASSISTANT,CLAIM_ASSISTANT,Claim Assistant,0,0,0,R,CLAIM_ASSISTANT,17
TCFG008,101,CLAIM_ASSISTANT,VERIFIER,Verifier,1,0,1,I,VERIFIER,03
TCFG009,101,CLAIM_ASSISTANT,ADDITIONAL_APP_1,Additional Approver 1,2,0,0,I,ADDITIONAL_APP_1,04
TCFG010,101,CLAIM_ASSISTANT,ADDITIONAL_APP_2,Additional Approver 2,3,0,0,I,ADDITIONAL_APP_2,05
TCFG011,101,CLAIM_ASSISTANT,APPROVER,Approver,4,0,1,I,APPROVER,06
TCFG012,101,,DEPARTMENT_ADMIN,Department Admin,0,0,1,I,DEPARTMENT_ADMIN,
TCFG013,101,,HRP,HR Partner,0,0,1,I,HRP,
TCFG014,201,CW_ESS,CW_ESS,Requestor,0,0,0,R,CW_ESS,44
TCFG015,201,CW_ESS,CW_OHRSS,OHRSS,1,0,1,I,OHRSS,32
TCFG016,201,CW_ESS,CW_REPORTING_MGR,Reporting Manager,2,0,1,I,REPORTING_MGR,33
TCFG017,201,CW_ESS,CW_MANAGERS_MGR,Reporting Manager's Manager,3,0,0,I,MANAGERS_MGR,34
TCFG018,202,CW_ESS,CW_ESS,Requestor,0,0,0,R,CW_ESS,44
TCFG019,202,CW_ESS,CW_OHRSS,OHRSS,1,0,1,I,OHRSS,32
TCFG020,202,CW_ESS,CW_REPORTING_MGR,Reporting Manager,2,0,1,I,REPORTING_MGR,33
TCFG021,202,CW_ESS,CW_MANAGERS_MGR,Reporting Manager's Manager,3,0,0,I,MANAGERS_MGR,34
TCFG022,203,CW_PROGRAM_ADMIN,CW_PROGRAM_ADMIN,Program Admin,0,0,0,R,PROGRAM_ADMIN,46
TCFG023,203,CW_PROGRAM_ADMIN,CW_PROGRAM_MANAGER,Program Manager,1,0,1,I,PROGRAM_MGR,42
TCFG024,201,CW_DEPARTMENT_ADMIN,CW_DEPARTMENT_ADMIN,Department Admin,0,0,0,R,CW_DEPARTMENT_ADMIN,45
TCFG025,201,CW_DEPARTMENT_ADMIN,CW_OHRSS,OHRSS,1,0,1,I,OHRSS,32
TCFG026,201,CW_DEPARTMENT_ADMIN,CW_REPORTING_MGR,Reporting Manager,2,0,1,I,REPORTING_MGR,33
TCFG027,201,CW_DEPARTMENT_ADMIN,CW_MANAGERS_MGR,Reporting Manager's Manager,3,0,0,I,MANAGERS_MGR,34
TCFG028,202,CW_DEPARTMENT_ADMIN,CW_DEPARTMENT_ADMIN,Department Admin,0,0,0,R,CW_DEPARTMENT_ADMIN,45
TCFG029,202,CW_DEPARTMENT_ADMIN,CW_OHRSS,OHRSS,1,0,1,I,OHRSS,32
TCFG030,202,CW_DEPARTMENT_ADMIN,CW_REPORTING_MGR,Reporting Manager,2,0,1,I,REPORTING_MGR,33
TCFG031,202,CW_DEPARTMENT_ADMIN,CW_MANAGERS_MGR,Reporting Manager's Manager,3,0,0,I,MANAGERS_MGR,34
TCFG032,103,NUS_CHRS_ECLAIMS_ESS,CLAIMANT,Claimant,0,0,0,R,NUS_CHRS_ECLAIMS_ESS,15
TCFG034,103,NUS_CHRS_ECLAIMS_ESS,VERIFIER,Verifier,1,0,0,I,VERIFIER,03
TCFG035,103,NUS_CHRS_ECLAIMS_ESS,ADDITIONAL_APP_1,Additional Approver 1,2,0,0,I,ADDITIONAL_APP_1,04
TCFG036,103,NUS_CHRS_ECLAIMS_ESS,ADDITIONAL_APP_2,Additional Approver 2,3,0,0,I,ADDITIONAL_APP_2,05
TCFG037,103,NUS_CHRS_ECLAIMS_ESS,REPORTING_MGR,Reporting Manager,4,0,1,I,REPORTING_MGR,06
TCFG038,103,CLAIM_ASSISTANT,CLAIM_ASSISTANT,Claim Assistant,0,0,0,R,CLAIM_ASSISTANT,17
TCFG039,103,CLAIM_ASSISTANT,VERIFIER,Verifier,1,0,1,I,VERIFIER,03
TCFG040,103,CLAIM_ASSISTANT,ADDITIONAL_APP_1,Additional Approver 1,2,0,0,I,ADDITIONAL_APP_1,04
TCFG041,103,CLAIM_ASSISTANT,ADDITIONAL_APP_2,Additional Approver 2,3,0,0,I,ADDITIONAL_APP_2,05
TCFG042,103,CLAIM_ASSISTANT,REPORTING_MGR,Reporting Manager,4,0,1,I,REPORTING_MGR,06
TCFG043,103,,DEPARTMENT_ADMIN,Department Admin,0,0,1,I,DEPARTMENT_ADMIN,
TCFG044,103,,HRP,HR Partner,0,0,1,I,HRP,
TCFG045,104,NUS_CHRS_ECLAIMS_ESS,CLAIMANT,Claimant,0,0,0,R,NUS_CHRS_ECLAIMS_ESS,15
TCFG047,104,NUS_CHRS_ECLAIMS_ESS,VERIFIER,Verifier,1,0,0,I,VERIFIER,03
TCFG048,104,NUS_CHRS_ECLAIMS_ESS,ADDITIONAL_APP_1,Additional Approver 1,2,0,0,I,ADDITIONAL_APP_1,04
TCFG049,104,NUS_CHRS_ECLAIMS_ESS,ADDITIONAL_APP_2,Additional Approver 2,3,0,0,I,ADDITIONAL_APP_2,05
TCFG050,104,NUS_CHRS_ECLAIMS_ESS,REPORTING_MGR,Reportig Manager,4,0,1,I,REPORTING_MGR,06
TCFG051,104,CLAIM_ASSISTANT,CLAIM_ASSISTANT,Claim Assistant,0,0,0,R,CLAIM_ASSISTANT,17
TCFG052,104,CLAIM_ASSISTANT,VERIFIER,Verifier,1,0,0,I,VERIFIER,03
TCFG053,104,CLAIM_ASSISTANT,ADDITIONAL_APP_1,Additional Approver 1,2,0,0,I,ADDITIONAL_APP_1,04
TCFG054,104,CLAIM_ASSISTANT,ADDITIONAL_APP_2,Additional Approver 2,3,0,0,I,ADDITIONAL_APP_2,05
TCFG055,104,CLAIM_ASSISTANT,REPORTING_MGR,Reportig Manager,4,0,1,I,REPORTING_MGR,06
TCFG056,104,,DEPARTMENT_ADMIN,Department Admin,0,0,1,I,DEPARTMENT_ADMIN,
TCFG057,104,,HRP,HR Partner,0,0,1,I,HRP,
TCFG058,102,NUS_CHRS_ECLAIMS_ESS,CLAIMANT,Claimant,0,0,0,R,NUS_CHRS_ECLAIMS_ESS,15
TCFG059,102,NUS_CHRS_ECLAIMS_ESS,REPORTING_MGR,Reporting Manager,1,0,1,I,REPORTING_MGR,06
TCFG060,102,CLAIM_ASSISTANT,CLAIM_ASSISTANT,Claim Assistant,0,0,0,R,CLAIM_ASSISTANT,17
TCFG061,102,CLAIM_ASSISTANT,REPORTING_MGR,Reporting Manager,1,0,1,I,REPORTING_MGR,06
TCFG062,102,,DEPARTMENT_ADMIN,Department Admin,0,0,1,I,DEPARTMENT_ADMIN,
TCFG063,102,,HRP,HR Partner,0,0,1,I,HRP,
TCFG064,105,CLAIM_ASSISTANT,CLAIM_ASSISTANT,Claim Assistant,0,0,0,R,CLAIM_ASSISTANT,01
TCFG065,105,CLAIM_ASSISTANT,FINANCE_LEAD,Finance Lead,1,0,1,I,FINANCE_LEAD,06
TCFG066,105,,DEPARTMENT_ADMIN,Department Admin,0,0,1,I,DEPARTMENT_ADMIN,
TCFG067,105,,HRP,HR Partner,0,0,1,I,HRP,