DS_ACFG_ID,ACCESS_ROLE,REFERENCE_KEY,SEQUENCE,CONFIG_KEY,CONFIG_VALUE,FIELD_TYPE,IS_ACTIVE,CREATED_BY,MODIFIED_BY,CONFIG_DATA,PROCESS_CODE
71,,QUICK_LINKS,4,MY_INBOX,My Inbox,CONSTANT,X,,,,100
72,,APPROVER_MATRIX,3,icon,sap-icon://visits,CONSTANT,X,,,,100
31,CLAIMANT,INPROCESS_REQUEST,5,,05,CONSTANT,X,,,,100
32,CLAIMANT,INPROCESS_REQUEST,6,,06,CONSTANT,X,,,,100
33,CLAIMANT,INPROCESS_REQUEST,7,,08,CONSTANT,X,,,,100
34,CLAIMANT,INPROCESS_REQUEST,8,,16,CONSTANT,X,,,,100
35,CLAIMANT,INPROCESS_REQUEST,9,,18,CONSTANT,X,,,,100
36,CLAIMANT,INPROCESS_REQUEST,10,,19,CONSTANT,X,,,,100
155,,TASK_INBOX_STATUS,1,Pending Tasks,95,CONSTANT,X,,,MyTask,100
14,,PERSONAL_INFO,1,COMPANY_T,Company Title,VARIABLE,N,,,,100
28,CLAIMANT,INPROCESS_REQUEST,2,,02,CONSTANT,X,,,,100
108,,Type13,2,text,Public holiday,CONSTANT,X,,,,100
73,,APPROVER_MATRIX,4,semantic,approvermatrix,CONSTANT,X,,,,100
74,,APPROVER_MATRIX,5,action,Display,CONSTANT,X,,,,100
75,,APPROVER_MATRIX,6,relativePath,,CONSTANT,X,,,,100
76,,APPROVER_MATRIX,7,startupParameter,,CONSTANT,X,,,,100
77,,CLAIM_REQUEST,1,name,eClaim Request,CONSTANT,X,,,,100
78,,CLAIM_REQUEST,2,info,Claimant Submission,CONSTANT,X,,,,100
29,CLAIMANT,INPROCESS_REQUEST,3,,03,CONSTANT,X,,,,100
30,CLAIMANT,INPROCESS_REQUEST,4,,04,CONSTANT,X,,,,100
38,CLAIMANT,REJECTED_REQUEST,1,,07,CONSTANT,X,,,,100
40,CLAIMANT,COMPLETED_REQUEST,1,,09,CONSTANT,X,,,,100
41,CLAIMANT,COMPLETED_REQUEST,2,,13,CONSTANT,X,,,,100
42,CLAIMANT,COMPLETED_REQUEST,3,,14,CONSTANT,X,,,,100
154,,TASK_INBOX_STATUS,2,Delegated Tasks,95,CONSTANT,X,,,DelegatedTasks,100
153,,TASK_INBOX_STATUS,3,Completed Tasks,97,CONSTANT,X,,,CompletedTasks,100
13,,PERSONAL_INFO,2,COMPANY_C,Company,VARIABLE,N,,,,100
22,,MANAGER_DATA,3,NUSNET_ID,Logon ID,VARIABLE,X,,,,100
12,,,0,COMPANY_DETAILS,Company Details,HEADER,N,,,,100
54,CLAIM_ASSISTANT,REJECTED_REQUEST,2,,18,CONSTANT,X,,,,100
23,CLAIMANT,,1,DRAFT_REQUEST,Draft,REQUEST_HEADER,X,,,Draft,100
43,CLAIM_ASSISTANT,,1,DRAFT_REQUEST,Draft,REQUEST_HEADER,X,,,Draft,100
45,CLAIM_ASSISTANT,DRAFT_REQUEST,2,,17,CONSTANT,X,,,,100
37,CLAIMANT,,2,REJECTED_REQUEST,Rejected,REQUEST_HEADER,X,,,RejReq,100
52,CLAIM_ASSISTANT,,3,REJECTED_REQUEST,Rejected,REQUEST_HEADER,X,,,RejReq,100
48,CLAIM_ASSISTANT,INPROCESS_REQUEST,2,,04,CONSTANT,X,,,,100
49,CLAIM_ASSISTANT,INPROCESS_REQUEST,3,,05,CONSTANT,X,,,,100
50,CLAIM_ASSISTANT,INPROCESS_REQUEST,4,,06,CONSTANT,X,,,,100
51,CLAIM_ASSISTANT,INPROCESS_REQUEST,5,,07,CONSTANT,X,,,,100
16,,PERSONAL_INFO,17,ULU_T,ULU Title,VARIABLE,X,,,,100
57,CLAIM_ASSISTANT,PENDING_REQUEST,2,,16,CONSTANT,X,,,,100
58,CLAIM_ASSISTANT,PENDING_REQUEST,3,,18,CONSTANT,X,,,,100
59,CLAIM_ASSISTANT,PENDING_REQUEST,4,,19,CONSTANT,X,,,,100
15,,PERSONAL_INFO,18,ULU_C,ULU,VARIABLE,X,,,,100
184,CLAIM_ASSISTANT,QUICK_LINKS,1,CLAIM_REQUEST_CA,CA Submission,CONSTANT,X,,,,100
63,CLAIM_ASSISTANT,COMPLETED_REQUEST,3,,14,CONSTANT,X,,,,100
62,CLAIM_ASSISTANT,COMPLETED_REQUEST,2,,13,CONSTANT,X,,,,100
25,CLAIMANT,DRAFT_REQUEST,2,,15,CONSTANT,X,,,,100
24,CLAIMANT,DRAFT_REQUEST,1,,01,CONSTANT,X,,,,100
1,,,0,PERSONAL_INFO,Personal Information,HEADER,X,,,,100
18,,PERSONAL_INFO,19,FDLU_T,FDLU Title,VARIABLE,X,,,,100
17,,PERSONAL_INFO,20,FDLU_C,FDLU,VARIABLE,X,,,,100
53,CLAIM_ASSISTANT,REJECTED_REQUEST,1,CLAIM_REQUEST,08,CONSTANT,X,,,,100
55,CLAIM_ASSISTANT,,2,PENDING_REQUEST,Pending Request,REQUEST_HEADER,X,,,PendReq,100
26,CLAIMANT,,3,INPROCESS_REQUEST,In Process,REQUEST_HEADER,X,,,Process,100
46,CLAIM_ASSISTANT,,4,INPROCESS_REQUEST,In Process,REQUEST_HEADER,X,,,Process,100
194,,PERSONAL_INFO,6,cj.EMP_CAT_T,Employee Category Title,VARIABLE,N,,,,100
195,,PERSONAL_INFO,7,cj.EMP_CAT_C,Employee Category,VARIABLE,N,,,,100
5,,PERSONAL_INFO,1,cj.chrsJobInfoId.STF_NUMBER,Employee Number,VARIABLE,X,,,,100
2,,PERSONAL_INFO,1,cj.FIRST_NM,First Name,VARIABLE,N,,,,100
79,,CLAIM_REQUEST,3,icon,sap-icon://create-entry-time,CONSTANT,X,,,,100
7,,PERSONAL_INFO,3,cj.EMP_GP_T,Employee Group Title,VARIABLE,N,,,,100
80,,CLAIM_REQUEST,4,semantic,claimrequest,CONSTANT,X,,,,100
192,,PERSONAL_INFO,8,cj.APPT_TRACK_T,Appointment Track Title,VARIABLE,N,,,,100
193,,PERSONAL_INFO,9,cj.APPT_TRACK_C,Appointment Track,VARIABLE,N,,,,100
82,,CLAIM_REQUEST,6,relativePath,,CONSTANT,X,,,,100
97,,MY_INBOX,7,startupParameter,default,CONSTANT,X,,,,100
84,,CLAIM_REPORT,1,name,eClaims Admin Report,CONSTANT,X,,,,100
85,,CLAIM_REPORT,2,info,Dashboard,CONSTANT,X,,,,100
109,,Type06,1,category,appointment,CONSTANT,X,,,,100
87,,CLAIM_REPORT,4,semantic,claimreport,CONSTANT,X,,,,100
88,,CLAIM_REPORT,5,action,Display,CONSTANT,X,,,,100
89,,CLAIM_REPORT,6,relativePath,,CONSTANT,X,,,,100
90,,CLAIM_REPORT,7,startupParameter,,CONSTANT,X,,,,100
65,,QUICK_LINKS,1,APPROVER_MATRIX,Approver Matrix,CONSTANT,X,,,,100
66,,QUICK_LINKS,2,CLAIM_REQUEST,Claim Request,CONSTANT,X,,,,100
67,,QUICK_LINKS,3,CLAIM_REPORT,Claim Report,CONSTANT,X,,,,100
196,,PERSONAL_INFO,10,cj.JOB_GRD_T,Job Grade Tiitle,VARIABLE,N,,,,100
91,,MY_INBOX,1,name,Task Inbox,CONSTANT,X,,,,100
39,CLAIMANT,,4,COMPLETED_REQUEST,Completed,REQUEST_HEADER,X,,,Post,100
10,,PERSONAL_INFO,9,cj.WORK_TITLE,Work Title,VARIABLE,N,,,,100
152,,CLAIM_REQUEST_CA,7,startupParameter,CMASST,CONSTANT,X,,,,100
44,CLAIM_ASSISTANT,DRAFT_REQUEST,1,CLAIM_REQUEST,01,CONSTANT,X,,,,100
47,CLAIM_ASSISTANT,INPROCESS_REQUEST,1,CLAIM_REQUEST,03,CONSTANT,X,,,,100
56,CLAIM_ASSISTANT,PENDING_REQUEST,1,CLAIM_REQUEST,02,CONSTANT,X,,,,100
61,CLAIM_ASSISTANT,COMPLETED_REQUEST,1,CLAIM_REQUEST,09,CONSTANT,X,,,,100
92,,MY_INBOX,2,info,Access Pending Tasks,CONSTANT,X,,,,100
93,,MY_INBOX,3,icon,sap-icon://inbox,CONSTANT,X,,,,100
94,,MY_INBOX,4,semantic,inbox,CONSTANT,X,,,,100
95,,MY_INBOX,5,action,Display,CONSTANT,X,,,,100
96,,MY_INBOX,6,relativePath,,CONSTANT,X,,,,100
83,,CLAIM_REQUEST,7,startupParameter,CLMNT,CONSTANT,X,,,,100
64,,,0,QUICK_LINKS,quickLinks,CONSTANT,X,,,,100
98,,,3,VERIFIER,Verifier,ROLE,X,,,,100
99,,,1,CLAIM_ASSISTANT,Claim Assistant,ROLE,X,,,,100
100,,,2,APPROVER,Approver,ROLE,X,,,,100
101,,,1,type,Type03,LEGEND,X,,,,100
110,,Type06,2,text,NUS Holiday,CONSTANT,X,,,,100
103,,,3,type,Type08,LEGEND,X,,,,100
104,,,4,type,Type13,LEGEND,X,,,,100
111,,Type03,1,category,appointment,CONSTANT,X,,,,100
112,,Type03,2,text,On Leave,CONSTANT,X,,,,100
102,,,2,type,Type06,LEGEND,X,,,,100
60,CLAIM_ASSISTANT,,5,COMPLETED_REQUEST,Completed,REQUEST_HEADER,X,,,Post,100
106,,Type08,2,text,Claim Submitted,CONSTANT,X,,,,100
140,,APPROVED_MATRIX_DEPT,2,info,Dept. Admin,CONSTANT,X,,,,100
113,,QUICK_LINKS,5,APW_CW_NED,APW CW & NED,CONSTANT,X,,,,100
115,,QUICK_LINKS,7,PTT_DETAILED_REPORT,Part-Time Teaching,CONSTANT,X,,,,100
116,,QUICK_LINKS,8,PTT_CONSOLIDATED_REPORT,Part-Time Teaching,CONSTANT,X,,,,100
117,,QUICK_LINKS,9,APPROVED_MATRIX_DEPT,Approver Matrix,CONSTANT,N,,,,100
118,,APW_CW_NED,1,name,APW CW & NED,CONSTANT,X,,,,100
119,,APW_CW_NED,2,info,Internal and External,CONSTANT,X,,,,100
120,,APW_CW_NED,3,icon,sap-icon://customer-financial-fact-sheet,CONSTANT,X,,,,100
121,,APW_CW_NED,4,semantic,cwsnedrequestscreen,CONSTANT,X,,,,100
122,,APW_CW_NED,5,action,display,CONSTANT,X,,,,100
123,,APW_CW_NED,6,relativePath,,CONSTANT,X,,,,100
124,,APW_CW_NED,7,startupParameter,,CONSTANT,X,,,,100
130,,PTT_DETAILED_REPORT,6,relativePath,,CONSTANT,X,,,,100
131,,PTT_DETAILED_REPORT,7,startupParameter,,CONSTANT,X,,,,100
125,,PTT_DETAILED_REPORT,1,name,Part-Time Teaching,CONSTANT,X,,,,100
126,,PTT_DETAILED_REPORT,2,info,Detailed Report,CONSTANT,X,,,,100
127,,PTT_DETAILED_REPORT,3,icon,sap-icon://Fiori2/F0021,CONSTANT,X,,,,100
128,,PTT_DETAILED_REPORT,4,semantic,pttdetailed,CONSTANT,X,,,,100
129,,PTT_DETAILED_REPORT,5,action,Display,CONSTANT,X,,,,100
132,,PTT_CONSOLIDATED_REPORT,1,name,Part-Time Teaching,CONSTANT,X,,,,100
133,,PTT_CONSOLIDATED_REPORT,2,info,Consolidated Report,CONSTANT,X,,,,100
134,,PTT_CONSOLIDATED_REPORT,3,icon,sap-icon://Fiori5/F0708,CONSTANT,X,,,,100
135,,PTT_CONSOLIDATED_REPORT,4,semantic,claimconsreport,CONSTANT,X,,,,100
136,,PTT_CONSOLIDATED_REPORT,5,action,Display,CONSTANT,X,,,,100
137,,PTT_CONSOLIDATED_REPORT,6,relativePath,,CONSTANT,X,,,,100
138,,PTT_CONSOLIDATED_REPORT,7,startupParameter,,CONSTANT,X,,,,100
139,,APPROVED_MATRIX_DEPT,1,name,Approval Matrix,CONSTANT,X,,,,100
107,,Type13,1,category,calendar,CONSTANT,X,,,,100
141,,APPROVED_MATRIX_DEPT,3,icon,sap-icon://visits,CONSTANT,X,,,,100
142,,APPROVED_MATRIX_DEPT,4,semantic,approvermatrix,CONSTANT,X,,,,100
143,,APPROVED_MATRIX_DEPT,5,action,Display,CONSTANT,X,,,,100
144,,APPROVED_MATRIX_DEPT,6,relativePath,,CONSTANT,X,,,,100
145,,APPROVED_MATRIX_DEPT,7,startupParameter,,CONSTANT,X,,,,100
81,,CLAIM_REQUEST,5,action,display,CONSTANT,X,,,,100
86,,CLAIM_REPORT,3,icon,sap-icon://Fiori2/F0012,CONSTANT,X,,,,100
114,,QUICK_LINKS,1,CLAIM_REQUEST_CA,Claim Request,CONSTANT,X,,,,100
146,,CLAIM_REQUEST_CA,1,name,eClaims Request,CONSTANT,X,,,,100
147,,CLAIM_REQUEST_CA,2,info,CA Submission,CONSTANT,X,,,,100
148,,CLAIM_REQUEST_CA,3,icon,sap-icon://Fiori4/F0507,CONSTANT,X,,,,100
149,,CLAIM_REQUEST_CA,4,semantic,casub,CONSTANT,X,,,,100
150,,CLAIM_REQUEST_CA,5,action,Display,CONSTANT,X,,,,100
151,,CLAIM_REQUEST_CA,6,relativePath,,CONSTANT,X,,,,100
105,,Type08,1,category,calendar,CONSTANT,X,,,,100
69,,APPROVER_MATRIX,1,name,Role Matrix,CONSTANT,X,,,,100
70,,APPROVER_MATRIX,2,info,Admin ,CONSTANT,X,,,,100
166,ADDITIONAL_APP_1,QUICK_LINKS,4,PTT_DETAILED_REPORT,Part-Time Teaching,CONSTANT,N,,,,100
167,ADDITIONAL_APP_1,QUICK_LINKS,5,PTT_CONSOLIDATED_REPORT,Part-Time Teaching,CONSTANT,N,,,,100
168,ADDITIONAL_APP_1,QUICK_LINKS,6,CLAIM_REPORT,Claim Report,CONSTANT,N,,,,100
169,ADDITIONAL_APP_2,QUICK_LINKS,3,MY_INBOX,My Inbox,CONSTANT,X,,,,100
156,CLAIMANT,QUICK_LINKS,2,CLAIM_REQUEST,Claim Request,CONSTANT,X,,,,100
157,CLAIM_ASSISTANT,QUICK_LINKS,2,CLAIM_REQUEST,Claim Request,CONSTANT,X,,,,100
158,CLAIM_ASSISTANT,QUICK_LINKS,6,CLAIM_REPORT,Claim Report,CONSTANT,N,,,,100
159,CLAIM_ASSISTANT,QUICK_LINKS,4,PTT_DETAILED_REPORT,Part-Time Teaching,CONSTANT,X,,,,100
160,CLAIM_ASSISTANT,QUICK_LINKS,5,PTT_CONSOLIDATED_REPORT,Part-Time Teaching,CONSTANT,X,,,,100
161,VERIFIER,QUICK_LINKS,3,MY_INBOX,My Inbox,CONSTANT,X,,,,100
162,VERIFIER,QUICK_LINKS,4,PTT_DETAILED_REPORT,Part-Time Teaching,CONSTANT,X,,,,100
163,VERIFIER,QUICK_LINKS,5,PTT_CONSOLIDATED_REPORT,Part-Time Teaching,CONSTANT,X,,,,100
164,VERIFIER,QUICK_LINKS,6,CLAIM_REPORT,Claim Report,CONSTANT,N,,,,100
170,ADDITIONAL_APP_2,QUICK_LINKS,4,PTT_DETAILED_REPORT,Part-Time Teaching,CONSTANT,N,,,,100
171,ADDITIONAL_APP_2,QUICK_LINKS,5,PTT_CONSOLIDATED_REPORT,Part-Time Teaching,CONSTANT,N,,,,100
172,ADDITIONAL_APP_2,QUICK_LINKS,6,CLAIM_REPORT,Claim Report,CONSTANT,N,,,,100
173,APPROVER,QUICK_LINKS,3,MY_INBOX,My Inbox,CONSTANT,X,,,,100
174,APPROVER,QUICK_LINKS,4,PTT_DETAILED_REPORT,Part-Time Teaching,CONSTANT,X,,,,100
175,APPROVER,QUICK_LINKS,5,PTT_CONSOLIDATED_REPORT,Part-Time Teaching,CONSTANT,X,,,,100
176,APPROVER,QUICK_LINKS,6,CLAIM_REPORT,Claim Report,CONSTANT,N,,,,100
177,DEPARTMENT_ADMIN,QUICK_LINKS,7,APPROVED_MATRIX_DEPT,Approver Matrix,CONSTANT,X,,,,100
178,MATRIX_ADMIN,QUICK_LINKS,7,APPROVER_MATRIX,Approver Matrix,CONSTANT,X,,,,100
179,,SWITCH,1,PREVIOUS_FEEDBACK,OFF,,,,,,100
180,,SWITCH,2,ULU_DETAILS,OFF,,,,,,100
181,,SWITCH,3,FDLU_DETAILS,OFF,,,,,,100
197,,PERSONAL_INFO,11,cj.JOB_GRD_C,Job Grade,VARIABLE,N,,,,100
183,,SWITCH,5,RESULT_CALENDAR,OFF,,,,,,100
182,,SWITCH,4,MONTHLY_CLAIMS,OFF,,,,,,100
185,VERIFIER,QUICK_LINKS,2,CLAIM_REQUEST,Claim Request,CONSTANT,X,,,,100
186,ADDITIONAL_APP_1,QUICK_LINKS,2,CLAIM_REQUEST,Claim Request,CONSTANT,X,,,,100
187,ADDITIONAL_APP_2,QUICK_LINKS,2,CLAIM_REQUEST,Claim Request,CONSTANT,X,,,,100
188,APPROVER,QUICK_LINKS,2,CLAIM_REQUEST,Claim Request,CONSTANT,X,,,,100
189,DEPARTMENT_ADMIN,QUICK_LINKS,2,CLAIM_REQUEST,Claim Request,CONSTANT,X,,,,100
190,MATRIX_ADMIN,QUICK_LINKS,2,CLAIM_REQUEST,Claim Request,CONSTANT,X,,,,100
20,,MANAGER_DATA,1,FIRST_NM,First Name,VARIABLE,N,,,,100
21,,MANAGER_DATA,2,LAST_NM,Last Name,VARIABLE,N,,,,100
9,,PERSONAL_INFO,12,cj.EMAIL,Email,VARIABLE,N,,,,100
11,,PERSONAL_INFO,13,cj.NUSNET_ID,Logon ID,VARIABLE,N,,,,100
8,,PERSONAL_INFO,4,cj.EMP_GP_C,Employee Group,VARIABLE,N,,,,100
6,,PERSONAL_INFO,2,cj.JOIN_DATE,Date of Hire,VARIABLE,N,,,,100
191,,MANAGER_DATA,3,PREF_NM,Name of RM,VARIABLE,X,,,,100
198,CLAIMANT,QUICK_LINKS,3,MY_INBOX,My Inbox,CONSTANT,X,,,,100
199,CLAIM_ASSISTANT,QUICK_LINKS,3,MY_INBOX,My Inbox,CONSTANT,X,,,,100
200,DEPARTMENT_ADMIN,QUICK_LINKS,3,MY_INBOX,My Inbox,CONSTANT,X,,,,100
201,MATRIX_ADMIN,QUICK_LINKS,3,MY_INBOX,My Inbox,CONSTANT,X,,,,100
19,,,1,MANAGER_DATA,Manager Details,HEADER,X,,,,100
202,MATRIX_ADMIN,USEFULLINKS,7,Department Admin Nomination Form,https://nus.syd1.qualtrics.com/jfe/form/SV_3lnUKdp4mNStKDQ,CONSTANT,X,,,,100
203,ALL,USEFULLINKS,8,Contact Us,https://nusu.sharepoint.com/sites/ofn/userguides/SitePages/PREC_ContactUs.aspx,CONSTANT,X,,,,100
204,ALL,USEFULLINKS,1,Part-Time Teaching User Guides,https://nusu.sharepoint.com/sites/ofn/userguides/Payroll eClaims/Forms/AllItems.aspx?id=/sites/ofn/userguides/Payroll eClaims/Part-time teaching&viewid=a56ebf4e-7e34-47ec-a67e-f511cd50bf3c,CONSTANT,X,,,,100
205,ALL,USEFULLINKS,2,Part-Time Teaching FAQs,https://nusu.sharepoint.com/:b:/r/sites/ofn/userguides/Payroll eClaims/Part-time teaching/PTT eClaims FAQs_v1.0.pdf,CONSTANT,X,,,,100
206,CLAIMANT,QUICK_LINKS,3,,,CONSTANT,N,,,,100
207,,46,1,101,Part-Time Teaching,CONSTANT,X,,,,100
208,,45,1,102,Contingent Workforce,CONSTANT,X,,,,100
209,,31,1,103,Over-time(EA),CONSTANT,X,,,,100
210,SUPER_ADMIN,QUICK_LINKS,3,MY_INBOX,My Inbox,CONSTANT,X,,,,100
211,SUPER_ADMIN,QUICK_LINKS,4,PTT_DETAILED_REPORT,Part-Time Teaching,CONSTANT,X,,,,100
212,SUPER_ADMIN,QUICK_LINKS,5,PTT_CONSOLIDATED_REPORT,Part-Time Teaching,CONSTANT,X,,,,100
213,SUPER_ADMIN,QUICK_LINKS,2,CLAIM_REQUEST,Claim Request,CONSTANT,X,,,,100
214,SUPER_ADMIN,QUICK_LINKS,6,CLAIM_REPORT,Claim Report,CONSTANT,X,,,,100
215,SUPER_ADMIN,QUICK_LINKS,7,APPROVER_MATRIX,Approver Matrix,CONSTANT,X,,,,100
216,MATRIX_ADMIN,QUICK_LINKS,4,PTT_DETAILED_REPORT,Part-Time Teaching,CONSTANT,X,,,,100
217,MATRIX_ADMIN,QUICK_LINKS,5,PTT_CONSOLIDATED_REPORT,Part-Time Teaching,CONSTANT,X,,,,100
218,MATRIX_ADMIN,QUICK_LINKS,6,CLAIM_REPORT,Claim Report,CONSTANT,X,,,,100
219,HRP,QUICK_LINKS,4,PTT_DETAILED_REPORT,Part-Time Teaching,CONSTANT,X,,,,100
220,HRP,QUICK_LINKS,5,PTT_CONSOLIDATED_REPORT,Part-Time Teaching,CONSTANT,X,,,,100
221,HRP,QUICK_LINKS,3,MY_INBOX,My Inbox,CONSTANT,X,,,,100
222,HRP,QUICK_LINKS,2,CLAIM_REQUEST,Claim Request,CONSTANT,X,,,,100
223,DEPARTMENT_ADMIN,QUICK_LINKS,4,PTT_DETAILED_REPORT,Part-Time Teaching,CONSTANT,X,,,,100
224,DEPARTMENT_ADMIN,QUICK_LINKS,5,PTT_CONSOLIDATED_REPORT,Part-Time Teaching,CONSTANT,X,,,,100
225,DEPARTMENT_ADMIN,USEFULLINKS,4,Department Admin Nomination Form,https://nus.syd1.qualtrics.com/jfe/form/SV_3lnUKdp4mNStKDQ,CONSTANT,X,,,,100
226,MATRIX_ADMIN,USEFULLINKS,8,Role Matrix Upload File,https://nusu.sharepoint.com/:x:/r/sites/ofn/userguides/Payroll eClaims/Part-time teaching/01 Department Administrator/Approval Matrix Upload template.xlsx,CONSTANT,X,,,,100
227,DEPARTMENT_ADMIN,USEFULLINKS,8,Role Matrix Upload File,https://nusu.sharepoint.com/:x:/r/sites/ofn/userguides/Payroll eClaims/Part-time teaching/01 Department Administrator/Approval Matrix Upload template.xlsx,CONSTANT,X,,,,100
228,CLAIM_ASSISTANT,USEFULLINKS,9,PTT Claim Submission Mass Upload File,https://nusu.sharepoint.com/:x:/r/sites/ofn/userguides/Payroll eClaims/Part-time teaching/03 Claim Assistant/PTT Claims Upload template.xlsx,CONSTANT,X,,,,100
229,,CW_NED_REQUEST,1,name,View CW/NED Requests,CONSTANT,X,,,,200
230,,CW_NED_REQUEST,2,info,,CONSTANT,X,,,,200
231,,CW_NED_REQUEST,3,icon,sap-icon://list,CONSTANT,X,,,,200
232,,CW_NED_REQUEST,4,semantic,cwsnedrequestscreen,CONSTANT,X,,,,200
233,,CW_NED_REQUEST,5,action,display,CONSTANT,X,,,,200
234,,CW_NED_REQUEST,6,relativePath,,CONSTANT,X,,,,200
235,,CW_NED_REQUEST,7,startupParameter,CW_ESS,CONSTANT,X,,,,200
236,,CW_NED_REQUEST_ADMIN,1,name,CW/NED Request,CONSTANT,X,,,,200
237,,CW_NED_REQUEST_ADMIN,2,info,Department Admin Submission,CONSTANT,X,,,,200
238,,CW_NED_REQUEST_ADMIN,3,icon,sap-icon://create-entry-time,CONSTANT,X,,,,200
239,,CW_NED_REQUEST_ADMIN,4,semantic,cwsnedrequestscreen,CONSTANT,X,,,,200
240,,CW_NED_REQUEST_ADMIN,5,action,display,CONSTANT,X,,,,200
241,,CW_NED_REQUEST_ADMIN,6,relativePath,,CONSTANT,X,,,,200
242,,CW_NED_REQUEST_ADMIN,7,startupParameter,DEPTADMIN,CONSTANT,X,,,,200
243,,TASK_INBOX,1,name,Task Inbox,CONSTANT,X,,,,200
244,,TASK_INBOX,2,info,Access Pending Tasks,CONSTANT,X,,,,200
245,,TASK_INBOX,3,icon,sap-icon://inbox,CONSTANT,X,,,,200
246,,TASK_INBOX,4,semantic,inbox,CONSTANT,X,,,,200
247,,TASK_INBOX,5,action,Display,CONSTANT,X,,,,200
248,,TASK_INBOX,6,relativePath,,CONSTANT,X,,,,200
249,,TASK_INBOX,7,startupParameter,default,CONSTANT,X,,,,200
250,,CW_NED_REPORT,1,name,Run Report,CONSTANT,X,,,,200
251,,CW_NED_REPORT,2,info,,CONSTANT,X,,,,200
252,,CW_NED_REPORT,3,icon,sap-icon://Fiori2/F0021,CONSTANT,X,,,,200
253,,CW_NED_REPORT,4,semantic,cwnedreport,CONSTANT,X,,,,200
254,,CW_NED_REPORT,5,action,Display,CONSTANT,X,,,,200
255,,CW_NED_REPORT,6,relativePath,,CONSTANT,X,,,,200
256,,CW_NED_REPORT,7,startupParameter,,CONSTANT,X,,,,200
257,,APPROVER_MATRIX,1,name,Approval Matrix Maintenance,CONSTANT,X,,,,200
258,,APPROVER_MATRIX,2,info,,CONSTANT,X,,,,200
259,,APPROVER_MATRIX,3,icon,sap-icon://visits,CONSTANT,X,,,,200
260,,APPROVER_MATRIX,4,semantic,approvermatrix,CONSTANT,X,,,,200
261,,APPROVER_MATRIX,5,action,Display,CONSTANT,X,,,,200
262,,APPROVER_MATRIX,6,relativePath,,CONSTANT,X,,,,200
263,,APPROVER_MATRIX,7,startupParameter,,CONSTANT,X,,,,200
394,CW_ESS,QUICK_LINKS,0,CW_NED_SUBMISSION,Create Request,CONSTANT,X,,,,200
264,CW_ESS,QUICK_LINKS,1,CW_NED_REQUEST,CW/NED Request,CONSTANT,X,,,,200
265,CW_ESS,QUICK_LINKS,2,CW_NED_REQUEST_ADMIN,CW/NED Request,CONSTANT,N,,,,200
266,CW_ESS,QUICK_LINKS,7,TASK_INBOX,Task Inbox,CONSTANT,N,,,,200
267,CW_ESS,QUICK_LINKS,5,CW_NED_REPORT,CW/NED Report,CONSTANT,X,,,,200
414,CW_ESS,QUICK_LINKS,4,OPWN_SUBMISSION,OPWN Requests,CONSTANT,X,,,,200
268,CW_ESS,QUICK_LINKS,8,APPROVER_MATRIX,Approval Matrix,CONSTANT,N,,,,200
269,CW_OHRSS,QUICK_LINKS,1,CW_NED_REQUEST,CW/NED Request,CONSTANT,X,,,,200
270,CW_OHRSS,QUICK_LINKS,2,CW_NED_REQUEST_ADMIN,CW/NED Request,CONSTANT,N,,,,200
271,CW_OHRSS,QUICK_LINKS,7,TASK_INBOX,Task Inbox,CONSTANT,N,,,,200
272,CW_OHRSS,QUICK_LINKS,5,CW_NED_REPORT,CW/NED Report,CONSTANT,X,,,,200
273,CW_OHRSS,QUICK_LINKS,5,APPROVER_MATRIX,Approval Matrix,CONSTANT,N,,,,200
274,CW_REPORTING_MGR,QUICK_LINKS,1,CW_NED_REQUEST,CW/NED Request,CONSTANT,X,,,,200
275,CW_REPORTING_MGR,QUICK_LINKS,2,CW_NED_REQUEST_ADMIN,CW/NED Request,CONSTANT,N,,,,200
276,CW_REPORTING_MGR,QUICK_LINKS,7,TASK_INBOX,Task Inbox,CONSTANT,N,,,,200
277,CW_REPORTING_MGR,QUICK_LINKS,5,CW_NED_REPORT,CW/NED Report,CONSTANT,X,,,,200
278,CW_REPORTING_MGR,QUICK_LINKS,5,APPROVER_MATRIX,Approval Matrix,CONSTANT,N,,,,200
279,ADDITIONAL_APP_1,QUICK_LINKS,1,CW_NED_REQUEST,CW/NED Request,CONSTANT,N,,,,200
280,ADDITIONAL_APP_1,QUICK_LINKS,2,CW_NED_REQUEST_ADMIN,CW/NED Request,CONSTANT,N,,,,200
281,ADDITIONAL_APP_1,QUICK_LINKS,7,TASK_INBOX,Task Inbox,CONSTANT,N,,,,200
282,ADDITIONAL_APP_1,QUICK_LINKS,5,CW_NED_REPORT,CW/NED Report,CONSTANT,N,,,,200
283,ADDITIONAL_APP_1,QUICK_LINKS,5,APPROVER_MATRIX,Approval Matrix,CONSTANT,N,,,,200
284,ADDITIONAL_APP_2,QUICK_LINKS,1,CW_NED_REQUEST,CW/NED Request,CONSTANT,N,,,,200
285,ADDITIONAL_APP_2,QUICK_LINKS,2,CW_NED_REQUEST_ADMIN,CW/NED Request,CONSTANT,N,,,,200
286,ADDITIONAL_APP_2,QUICK_LINKS,3,TASK_INBOX,Task Inbox,CONSTANT,N,,,,200
287,ADDITIONAL_APP_2,QUICK_LINKS,4,CW_NED_REPORT,CW/NED Report,CONSTANT,N,,,,200
288,ADDITIONAL_APP_2,QUICK_LINKS,5,APPROVER_MATRIX,Approval Matrix,CONSTANT,N,,,,200
289,CW_MANAGERS_MGR,QUICK_LINKS,1,CW_NED_REQUEST,CW/NED Request,CONSTANT,X,,,,200
290,CW_MANAGERS_MGR,QUICK_LINKS,2,CW_NED_REQUEST_ADMIN,CW/NED Request,CONSTANT,N,,,,200
291,CW_MANAGERS_MGR,QUICK_LINKS,7,TASK_INBOX,Task Inbox,CONSTANT,N,,,,200
292,CW_MANAGERS_MGR,QUICK_LINKS,5,CW_NED_REPORT,CW/NED Report,CONSTANT,X,,,,200
293,CW_MANAGERS_MGR,QUICK_LINKS,5,APPROVER_MATRIX,Approval Matrix,CONSTANT,N,,,,200
294,CW_DEPARTMENT_ADMIN,QUICK_LINKS,1,CW_NED_REQUEST,CW/NED Request,CONSTANT,X,,,,200
295,CW_DEPARTMENT_ADMIN,QUICK_LINKS,2,CW_NED_REQUEST_ADMIN,CW/NED Request,CONSTANT,N,,,,200
296,CW_DEPARTMENT_ADMIN,QUICK_LINKS,7,TASK_INBOX,Task Inbox,CONSTANT,N,,,,200
297,CW_DEPARTMENT_ADMIN,QUICK_LINKS,5,CW_NED_REPORT,CW/NED Report,CONSTANT,N,,,,200
298,CW_DEPARTMENT_ADMIN,QUICK_LINKS,8,APPROVER_MATRIX,Approval Matrix,CONSTANT,N,,,,200
299,MATRIX_ADMIN,QUICK_LINKS,1,CW_NED_REQUEST,CW/NED Request,CONSTANT,X,,,,200
300,MATRIX_ADMIN,QUICK_LINKS,2,CW_NED_REQUEST_ADMIN,CW/NED Request,CONSTANT,N,,,,200
301,MATRIX_ADMIN,QUICK_LINKS,7,TASK_INBOX,Task Inbox,CONSTANT,N,,,,200
302,MATRIX_ADMIN,QUICK_LINKS,5,CW_NED_REPORT,CW/NED Report,CONSTANT,X,,,,200
303,MATRIX_ADMIN,QUICK_LINKS,8,APPROVER_MATRIX,Approval Matrix,CONSTANT,X,,,,200
304,SUPER_ADMIN,QUICK_LINKS,1,CW_NED_REQUEST,CW/NED Request,CONSTANT,X,,,,200
305,SUPER_ADMIN,QUICK_LINKS,2,CW_NED_REQUEST_ADMIN,CW/NED Request,CONSTANT,N,,,,200
306,SUPER_ADMIN,QUICK_LINKS,7,TASK_INBOX,Task Inbox,CONSTANT,N,,,,200
307,SUPER_ADMIN,QUICK_LINKS,5,CW_NED_REPORT,CW/NED Report,CONSTANT,X,,,,200
308,SUPER_ADMIN,QUICK_LINKS,8,APPROVER_MATRIX,Approval Matrix,CONSTANT,X,,,,200
309,CW_HRP,QUICK_LINKS,1,CW_NED_REQUEST,CW/NED Request,CONSTANT,N,,,,200
310,CW_HRP,QUICK_LINKS,2,CW_NED_REQUEST_ADMIN,CW/NED Request,CONSTANT,N,,,,200
311,CW_HRP,QUICK_LINKS,7,TASK_INBOX,Task Inbox,CONSTANT,N,,,,200
312,CW_HRP,QUICK_LINKS,5,CW_NED_REPORT,CW/NED Report,CONSTANT,X,,,,200
313,CW_HRP,QUICK_LINKS,8,APPROVER_MATRIX,Approval Matrix,CONSTANT,N,,,,200
314,,,0,PERSONAL_INFO,Job Information,HEADER,X,,,,200
315,,,1,MANAGER_DATA, ,HEADER,X,,,,200
316,,PERSONAL_INFO,17,ULU_T,ULU Title,VARIABLE,X,,,,200
317,,PERSONAL_INFO,18,ULU_C,ULU,VARIABLE,X,,,,200
318,,PERSONAL_INFO,19,FDLU_T,FDLU Title,VARIABLE,X,,,,200
319,,PERSONAL_INFO,20,FDLU_C,FDLU,VARIABLE,X,,,,200
320,,PERSONAL_INFO,1,cj.chrsJobInfoId.STF_NUMBER,Employee Number,VARIABLE,X,,,,
411,,PERSONAL_INFO,25,WORK_TITLE,Work Title,VARIABLE,X,,,,200
321,,MANAGER_DATA,3,PREF_NM,Reporting Manager,VARIABLE,X,,,,200
322,,MANAGER_DATA,3,NUSNET_ID,Logon ID,VARIABLE,N,,,,200
323,ALL,USEFULLINKS,10,Contact Us,https://nusu.sharepoint.com/:b:/r/sites/ohr/CWNED  OPWN_KM/Contact Us.pdf?csf=1&web=1&e=jt29Wo,CONSTANT,X,,,,200
324,ALL,USEFULLINKS,3,CW/NED User Guide,https://nusu.sharepoint.com/:b:/r/sites/ohr/CWNED  OPWN_KM/CW and NED User Guide.pdf?csf=1&web=1&e=ZjDR8G,CONSTANT,X,,,,200
325,ALL,USEFULLINKS,9,FAQs,https://nusu.sharepoint.com/:b:/r/sites/ohr/CWNED  OPWN_KM/FAQs CW_NED and OPWN.pdf?csf=1&web=1&e=UWeXW9,CONSTANT,X,,,,200
412,ALL,USEFULLINKS,1,Consultation Work Policy,https://nusu.sharepoint.com/sites/ormc/NUSpolicy/policies/OHR/Consultation%20Work%20Policy.pdf,CONSTANT,X,,,,200
413,ALL,USEFULLINKS,2,Other Paid Work in NUS Policy,https://nusu.sharepoint.com/sites/ormc/NUSpolicy/policies/OHR/Other%20Paid%20Work%20in%20NUS.pdf,CONSTANT,X,,,,200
326,,,3,VERIFIER,Verifier,ROLE,N,,,,200
327,,,2,APPROVER,Approver,ROLE,N,,,,200
328,,,1,CW_DEPARTMENT_ADMIN,Department Admin,ROLE,X,,,,200
329,,TASK_INBOX_STATUS,1,Pending Tasks,95,CONSTANT,X,,,MyTask,200
330,,TASK_INBOX_STATUS,2,Delegated Tasks,95,CONSTANT,X,,,DelegatedTasks,200
331,,TASK_INBOX_STATUS,3,Completed Tasks,97,CONSTANT,X,,,CompletedTasks,200
332,CW_ESS,,1,DRAFT_REQUEST,Draft,REQUEST_HEADER,X,,,Draft,200
333,CW_ESS,,2,REJECTED_REQUEST,Rejected,REQUEST_HEADER,X,,,RejReq,200
334,CW_ESS,,3,INPROCESS_REQUEST,In Process,REQUEST_HEADER,X,,,Process,200
335,CW_ESS,,4,COMPLETED_REQUEST,Completed,REQUEST_HEADER,X,,,Post,200
336,CW_DEPARTMENT_ADMIN,,1,DRAFT_REQUEST,Draft,REQUEST_HEADER,X,,,Draft,200
337,CW_DEPARTMENT_ADMIN,,2,PENDING_REQUEST,Pending Request,REQUEST_HEADER,N,,,PendReq,200
338,CW_DEPARTMENT_ADMIN,,3,REJECTED_REQUEST,Rejected,REQUEST_HEADER,X,,,RejReq,200
339,CW_DEPARTMENT_ADMIN,,4,INPROCESS_REQUEST,In Process,REQUEST_HEADER,X,,,Process,200
340,CW_DEPARTMENT_ADMIN,,5,COMPLETED_REQUEST,Completed,REQUEST_HEADER,X,,,Post,200
341,ADDITIONAL_APP_1,QUICK_LINKS,3,MY_INBOX,My Inbox,CONSTANT,X,,,,100
342,,46,1,101,Part-Time Teaching,CONSTANT,X,,,,200
343,,45,1,102,Contingent Workforce,CONSTANT,X,,,,200
344,,31,1,104,Over-time(Non EA),CONSTANT,X,,,,100
345,CW_ESS,DRAFT_REQUEST,2,,31,CONSTANT,X,,,,200
346,CW_ESS,INPROCESS_REQUEST,3,,32,CONSTANT,X,,,,200
347,CW_ESS,INPROCESS_REQUEST,4,,33,CONSTANT,X,,,,200
348,CW_ESS,INPROCESS_REQUEST,4,,34,CONSTANT,X,,,,200
349,CW_ESS,INPROCESS_REQUEST,4,,40,CONSTANT,X,,,,200
350,CW_ESS,REJECTED_REQUEST,1,,35,CONSTANT,X,,,,200
351,CW_ESS,REJECTED_REQUEST,1,,36,CONSTANT,X,,,,200
352,CW_ESS,REJECTED_REQUEST,1,,37,CONSTANT,X,,,,200
353,CW_ESS,REJECTED_REQUEST,1,,41,CONSTANT,X,,,,200
354,CW_ESS,COMPLETED_REQUEST,1,,38,CONSTANT,X,,,,200
384,CW_ESS,COMPLETED_REQUEST,1,,42,CONSTANT,X,,,,200
355,CW_DEPARTMENT_ADMIN,DRAFT_REQUEST,2,,31,CONSTANT,X,,,,200
356,CW_DEPARTMENT_ADMIN,INPROCESS_REQUEST,3,,32,CONSTANT,X,,,,200
357,CW_DEPARTMENT_ADMIN,INPROCESS_REQUEST,4,,33,CONSTANT,X,,,,200
358,CW_DEPARTMENT_ADMIN,INPROCESS_REQUEST,4,,34,CONSTANT,X,,,,200
385,CW_DEPARTMENT_ADMIN,INPROCESS_REQUEST,4,,40,CONSTANT,X,,,,200
359,CW_DEPARTMENT_ADMIN,REJECTED_REQUEST,1,,35,CONSTANT,X,,,,200
360,CW_DEPARTMENT_ADMIN,REJECTED_REQUEST,1,,36,CONSTANT,X,,,,200
361,CW_DEPARTMENT_ADMIN,REJECTED_REQUEST,1,,37,CONSTANT,X,,,,200
386,CW_DEPARTMENT_ADMIN,REJECTED_REQUEST,1,,41,CONSTANT,X,,,,200
362,CW_DEPARTMENT_ADMIN,COMPLETED_REQUEST,1,,38,CONSTANT,X,,,,200
363,CW_DEPARTMENT_ADMIN,COMPLETED_REQUEST,1,,42,CONSTANT,X,,,,200
364,CW_HRP_ADMIN,QUICK_LINKS,1,CW_NED_REQUEST,CW/NED Request,CONSTANT,X,,,,200
365,CW_HRP_ADMIN,QUICK_LINKS,2,CW_NED_REQUEST_ADMIN,CW/NED Request,CONSTANT,N,,,,200
366,CW_HRP_ADMIN,QUICK_LINKS,7,TASK_INBOX,Task Inbox,CONSTANT,N,,,,200
367,CW_HRP_ADMIN,QUICK_LINKS,5,CW_NED_REPORT,CW/NED Report,CONSTANT,X,,,,200
368,CW_HRP_ADMIN,QUICK_LINKS,8,APPROVER_MATRIX,Approval Matrix,CONSTANT,N,,,,200
369,CW_PROGRAM_ADMIN,QUICK_LINKS,1,CW_NED_REQUEST,CW/NED Request,CONSTANT,X,,,,200
370,CW_PROGRAM_ADMIN,QUICK_LINKS,2,CW_NED_REQUEST_ADMIN,CW/NED Request,CONSTANT,N,,,,200
371,CW_PROGRAM_ADMIN,QUICK_LINKS,7,TASK_INBOX,Task Inbox,CONSTANT,N,,,,200
372,CW_PROGRAM_ADMIN,QUICK_LINKS,5,CW_NED_REPORT,CW/NED Report,CONSTANT,X,,,,200
373,CW_PROGRAM_ADMIN,QUICK_LINKS,8,APPROVER_MATRIX,Approval Matrix,CONSTANT,N,,,,200
395,CW_PROGRAM_ADMIN,QUICK_LINKS,3,OPWN_CREATE,Create OPWN Requests,CONSTANT,X,,,,200
396,CW_PROGRAM_ADMIN,QUICK_LINKS,4,OPWN_SUBMISSION,OPWN Requests,CONSTANT,X,,,,200
374,CW_PROGRAM_MANAGER,QUICK_LINKS,1,CW_NED_REQUEST,CW/NED Request,CONSTANT,X,,,,200
375,CW_PROGRAM_MANAGER,QUICK_LINKS,2,CW_NED_REQUEST_ADMIN,CW/NED Request,CONSTANT,N,,,,200
376,CW_PROGRAM_MANAGER,QUICK_LINKS,7,TASK_INBOX,Task Inbox,CONSTANT,N,,,,200
377,CW_PROGRAM_MANAGER,QUICK_LINKS,5,CW_NED_REPORT,CW/NED Report,CONSTANT,X,,,,200
378,CW_PROGRAM_MANAGER,QUICK_LINKS,8,APPROVER_MATRIX,Approval Matrix,CONSTANT,N,,,,200
379,CW_OFN_ADMIN,QUICK_LINKS,1,CW_NED_REQUEST,CW/NED Request,CONSTANT,X,,,,200
380,CW_OFN_ADMIN,QUICK_LINKS,2,CW_NED_REQUEST_ADMIN,CW/NED Request,CONSTANT,N,,,,200
381,CW_OFN_ADMIN,QUICK_LINKS,7,TASK_INBOX,Task Inbox,CONSTANT,N,,,,200
382,CW_OFN_ADMIN,QUICK_LINKS,5,CW_NED_REPORT,CW/NED Report,CONSTANT,X,,,,200
383,CW_OFN_ADMIN,QUICK_LINKS,8,APPROVER_MATRIX,Approval Matrix,CONSTANT,N,,,,200
387,,CW_NED_SUBMISSION,1,name,Create New CW/NED Request,CONSTANT,X,,,,200
388,,CW_NED_SUBMISSION,2,info,New,CONSTANT,X,,,,200
389,,CW_NED_SUBMISSION,3,icon,sap-icon://add-document,CONSTANT,X,,,,200
390,,CW_NED_SUBMISSION,4,semantic,cwsnedrequestscreen,CONSTANT,X,,,,200
391,,CW_NED_SUBMISSION,5,action,display,CONSTANT,X,,,,200
392,,CW_NED_SUBMISSION,6,relativePath,,CONSTANT,X,,,,200
393,,CW_NED_SUBMISSION,7,startupParameter,CW_ESS,CONSTANT,X,,,,200
397,,OPWN_CREATE,1,name,Create New OPWN Request,CONSTANT,X,,,,200
398,,OPWN_CREATE,2,info,New,CONSTANT,X,,,,200
399,,OPWN_CREATE,3,icon,sap-icon://create-form,CONSTANT,X,,,,200
400,,OPWN_CREATE,4,semantic,opwrequest,CONSTANT,X,,,,200
401,,OPWN_CREATE,5,action,Display,CONSTANT,X,,,,200
402,,OPWN_CREATE,6,relativePath,,CONSTANT,X,,,,200
403,,OPWN_CREATE,7,startupParameter,DEPTADMIN,CONSTANT,X,,,,200
404,,OPWN_SUBMISSION,1,name,View OPWN Requests,CONSTANT,X,,,,200
405,,OPWN_SUBMISSION,2,info,,CONSTANT,X,,,,200
406,,OPWN_SUBMISSION,3,icon,sap-icon://list,CONSTANT,X,,,,200
407,,OPWN_SUBMISSION,4,semantic,opwrequest,CONSTANT,X,,,,200
408,,OPWN_SUBMISSION,5,action,Display,CONSTANT,X,,,,200
409,,OPWN_SUBMISSION,6,relativePath,,CONSTANT,X,,,,200
410,,OPWN_SUBMISSION,7,startupParameter,DEPTADMIN,CONSTANT,X,,,,200
415,,OT_EA_DETAILED_REPORT,1,name,Overtime(EA),CONSTANT,X,,,,100
416,,OT_EA_DETAILED_REPORT,2,info,Detailed Report,CONSTANT,X,,,,100
417,,OT_EA_DETAILED_REPORT,3,icon,sap-icon://Fiori5/F0708,CONSTANT,X,,,,100
418,,OT_EA_DETAILED_REPORT,4,semantic,ot_ea_detailedreport,CONSTANT,X,,,,100
419,,OT_EA_DETAILED_REPORT,5,action,Display,CONSTANT,X,,,,100
420,,OT_EA_DETAILED_REPORT,6,relativePath,,CONSTANT,X,,,,100
421,,OT_NON_EA_DETAILED_REPORT,7,startupParameter,,CONSTANT,X,,,,100
422,,OT_NON_EA_DETAILED_REPORT,1,name,Overtime(Non-EA),CONSTANT,X,,,,100
423,,OT_NON_EA_DETAILED_REPORT,2,info,Detailed Report,CONSTANT,X,,,,100
424,,OT_NON_EA_DETAILED_REPORT,3,icon,sap-icon://Fiori5/F0708,CONSTANT,X,,,,100
425,,OT_NON_EA_DETAILED_REPORT,4,semantic,ot_nonea_detailedreport,CONSTANT,X,,,,100
426,,OT_NON_EA_DETAILED_REPORT,5,action,Display,CONSTANT,X,,,,100
427,,OT_NON_EA_DETAILED_REPORT,6,relativePath,,CONSTANT,X,,,,100
428,,OT_NON_EA_DETAILED_REPORT,7,startupParameter,,CONSTANT,X,,,,100
429,CLAIM_ASSISTANT,QUICK_LINKS,10,OT_EA_DETAILED_REPORT,OT,CONSTANT,X,,,,100
430,VERIFIER,QUICK_LINKS,10,OT_EA_DETAILED_REPORT,OT,CONSTANT,X,,,,100
431,REPORTING_MGR,QUICK_LINKS,10,OT_EA_DETAILED_REPORT,OT,CONSTANT,X,,,,100
432,CLAIM_ASSISTANT,QUICK_LINKS,11,OT_NON_EA_DETAILED_REPORT,OT,CONSTANT,X,,,,100
433,VERIFIER,QUICK_LINKS,11,OT_NON_EA_DETAILED_REPORT,OT,CONSTANT,X,,,,100
434,REPORTING_MGR,QUICK_LINKS,11,OT_NON_EA_DETAILED_REPORT,OT,CONSTANT,X,,,,100
435,,APP_CONFIG,7,startupParameter,,CONSTANT,X,,,,100
436,,APP_CONFIG,1,name,App Configuration,CONSTANT,X,,,,100
437,,APP_CONFIG,2,info,App Config,CONSTANT,X,,,,100
438,,APP_CONFIG,3,icon,sap-icon://Fiori5/F0708,CONSTANT,X,,,,100
439,,APP_CONFIG,4,semantic,appconfig,CONSTANT,X,,,,100
440,,APP_CONFIG,5,action,Display,CONSTANT,X,,,,100
441,,APP_CONFIG,6,relativePath,,CONSTANT,X,,,,100
442,,APP_CONFIG,7,startupParameter,,CONSTANT,X,,,,100
443,MATRIX_ADMIN,QUICK_LINKS,12,APP_CONFIG,App Config,CONSTANT,N,,,,100
444,SUPER_ADMIN,QUICK_LINKS,12,APP_CONFIG,App Config,CONSTANT,N,,,,100
445,,DELEGATION_REPORT,7,startupParameter,,CONSTANT,X,,,,100
446,,DELEGATION_REPORT,1,name,Manage Delegation,CONSTANT,X,,,,100
447,,DELEGATION_REPORT,2,info,Maintain Delegation,CONSTANT,X,,,,100
448,,DELEGATION_REPORT,3,icon,sap-icon://Fiori5/F0708,CONSTANT,X,,,,100
449,,DELEGATION_REPORT,4,semantic,delegationreport,CONSTANT,X,,,,100
450,,DELEGATION_REPORT,5,action,Display,CONSTANT,X,,,,100
451,,DELEGATION_REPORT,6,relativePath,,CONSTANT,X,,,,100
452,,DELEGATION_REPORT,7,startupParameter,,CONSTANT,X,,,,100
453,MATRIX_ADMIN,QUICK_LINKS,13,DELEGATION_REPORT,Delegation Report,CONSTANT,X,,,,100
454,SUPER_ADMIN,QUICK_LINKS,13,DELEGATION_REPORT,Delegation Report,CONSTANT,X,,,,100
456,ADDITIONAL_APP_1,QUICK_LINKS,11,OT_NON_EA_DETAILED_REPORT,OT,CONSTANT,N,,,,100
457,ADDITIONAL_APP_2,QUICK_LINKS,11,OT_NON_EA_DETAILED_REPORT,OT,CONSTANT,X,,,,100
458,ADDITIONAL_APP_1,QUICK_LINKS,10,OT_EA_DETAILED_REPORT,OT,CONSTANT,N,,,,100
459,ADDITIONAL_APP_2,QUICK_LINKS,10,OT_EA_DETAILED_REPORT,OT,CONSTANT,X,,,,100
460,CLAIMANT,QUICK_LINKS,13,DELEGATION_REPORT,Delegation Report,CONSTANT,N,,,,100
461,CLAIM_ASSISTANT,QUICK_LINKS,13,DELEGATION_REPORT,Delegation Report,CONSTANT,N,,,,100
462,VERIFIER,QUICK_LINKS,13,DELEGATION_REPORT,Delegation Report,CONSTANT,X,,,,100
463,ADDITIONAL_APP_1,QUICK_LINKS,13,DELEGATION_REPORT,Delegation Report,CONSTANT,X,,,,100
464,ADDITIONAL_APP_2,QUICK_LINKS,13,DELEGATION_REPORT,Delegation Report,CONSTANT,X,,,,100
465,APPROVER,QUICK_LINKS,13,DELEGATION_REPORT,Delegation Report,CONSTANT,X,,,,100
466,REPORTING_MGR,QUICK_LINKS,13,DELEGATION_REPORT,Delegation Report,CONSTANT,X,,,,100
467,,TASK_APPROVER_REPORT,1,name,Claim Report,CONSTANT,X,,,,100
468,,TASK_APPROVER_REPORT,2,info,Task Approver Report,CONSTANT,X,,,,100
469,,TASK_APPROVER_REPORT,3,icon,sap-icon://Fiori5/F0708,CONSTANT,X,,,,100
470,,TASK_APPROVER_REPORT,4,semantic,taskapproverreport,CONSTANT,X,,,,100
471,,TASK_APPROVER_REPORT,5,action,display,CONSTANT,X,,,,100
472,,TASK_APPROVER_REPORT,6,relativePath,,CONSTANT,X,,,,100
473,,TASK_APPROVER_REPORT,7,startupParameter,,CONSTANT,X,,,,100
474,ADDITIONAL_APP_1,QUICK_LINKS,14,TASK_APPROVER_REPORT,Task Approver Report,CONSTANT,N,,,,100
475,ADDITIONAL_APP_2,QUICK_LINKS,14,TASK_APPROVER_REPORT,Task Approver Report,CONSTANT,N,,,,100
476,REPORTING_MGR,QUICK_LINKS,14,TASK_APPROVER_REPORT,Task Approver Report,CONSTANT,N,,,,100
477,MATRIX_ADMIN,QUICK_LINKS,13,DELEGATION_REPORT,Delegation Report,CONSTANT,X,,,,200
478,,DELEGATION_REPORT,7,startupParameter,,CONSTANT,X,,,,200
479,,DELEGATION_REPORT,1,name,Manage Delegation,CONSTANT,X,,,,200
480,,DELEGATION_REPORT,2,info,Maintain Delegation,CONSTANT,X,,,,200
481,,DELEGATION_REPORT,3,icon,sap-icon://Fiori5/F0708,CONSTANT,X,,,,200
482,,DELEGATION_REPORT,4,semantic,delegationreport,CONSTANT,X,,,,200
483,,DELEGATION_REPORT,5,action,Display,CONSTANT,X,,,,200
484,,DELEGATION_REPORT,6,relativePath,,CONSTANT,X,,,,200
485,,DELEGATION_REPORT,7,startupParameter,,CONSTANT,X,,,,200
486,CW_REPORTING_MGR,QUICK_LINKS,13,DELEGATION_REPORT,Delegation Report,CONSTANT,X,,,,200
487,,DATA_MIGRATION,7,startupParameter,,CONSTANT,X,,,,200
488,,DATA_MIGRATION,1,name,Data Migration,CONSTANT,X,,,,200
489,,DATA_MIGRATION,2,info,Migration,CONSTANT,X,,,,200
490,,DATA_MIGRATION,3,icon,sap-icon://Fiori5/F0708,CONSTANT,X,,,,200
491,,DATA_MIGRATION,4,semantic,migration,CONSTANT,X,,,,200
492,,DATA_MIGRATION,5,action,Display,CONSTANT,X,,,,200
493,,DATA_MIGRATION,6,relativePath,,CONSTANT,X,,,,200
494,,DATA_MIGRATION,7,startupParameter,,CONSTANT,X,,,,200
495,MATRIX_ADMIN,QUICK_LINKS,15,DATA_MIGRATION,Data Migration Report,CONSTANT,X,,,,200
496,ALL,USEFULLINKS,3,Overtime (EA and Non EA) User Guides,https://nusu.sharepoint.com/:f:/r/sites/ofn/userguides/Payroll%20eClaims/Overtime%20(EA)%20and%20Overtime%20(Non%20EA),CONSTANT,X,,,,100
497,ALL,USEFULLINKS,4,Overtime (EA and Non EA) FAQs,https://nusu.sharepoint.com/:b:/r/sites/ofn/userguides/Payroll eClaims/Overtime (EA) and Overtime (Non EA)/Overtime EA and Non EA eClaims FAQs_v1.0.pdf,CONSTANT,X,,,,100
498,ALL,USEFULLINKS,4,OPWN User Guide,https://nusu.sharepoint.com/:b:/r/sites/ohr/CWNED  OPWN_KM/OPWN User Guide.pdf?csf=1&web=1&e=1fXFo3,CONSTANT,X,,,,200
499,CW_DEPARTMENT_ADMIN,USEFULLINKS,7,CW/NED Mass Upload Template,https://nusu.sharepoint.com/:x:/r/sites/ohr/CWNED  OPWN Reports/Mass Upload_CW_NED.xlsx?d=wd246421d1a494d61a99722127078d721&csf=1&web=1&e=fyLyeA,CONSTANT,X,,,,200
500,CW_PROGRAM_ADMIN,USEFULLINKS,7,OPWN Mass Upload Template,https://nusu.sharepoint.com/:x:/r/sites/ohr/CWNED  OPWN Reports/Mass Upload_OPWN.xlsx?d=wc1afbc951bfc4cc5a470e5479a155fb3&csf=1&web=1&e=aI1iHU,CONSTANT,X,,,,200
501,HRP,USEFULLINKS,7,CW/NED Mass Upload Template,https://nusu.sharepoint.com/:x:/r/sites/ohr/CWNED  OPWN_KM/Mass Upload_CW_NED.xlsx?d=w10dd798038ab43c484a90283511da0b1&csf=1&web=1&e=L9K8wc,CONSTANT,X,,,,200
502,HRP,USEFULLINKS,7,OPWN Mass Upload Template,https://nusu.sharepoint.com/:x:/r/sites/ohr/CWNED  OPWN_KM/Mass Upload_OPWN.xlsx?d=w92e2d9b0d85246e6bd4aa566038670ce&csf=1&web=1&e=DpyvLw,CONSTANT,X,,,,200
503,MATRIX_ADMIN,USEFULLINKS,7,CW/NED Mass Upload Template,https://nusu.sharepoint.com/:x:/r/sites/ohr/CWNED  OPWN_KM/Mass Upload_CW_NED.xlsx?d=w10dd798038ab43c484a90283511da0b1&csf=1&web=1&e=L9K8wc,CONSTANT,X,,,,200
504,MATRIX_ADMIN,USEFULLINKS,7,OPWN Mass Upload Template,https://nusu.sharepoint.com/:x:/r/sites/ohr/CWNED  OPWN_KM/Mass Upload_OPWN.xlsx?d=w92e2d9b0d85246e6bd4aa566038670ce&csf=1&web=1&e=DpyvLw,CONSTANT,X,,,,200
505,CW_HRP,USEFULLINKS,7,CW/NED Mass Upload Template,https://nusu.sharepoint.com/:x:/r/sites/ohr/CWNED  OPWN_KM/Mass Upload_CW_NED.xlsx?d=w10dd798038ab43c484a90283511da0b1&csf=1&web=1&e=L9K8wc,CONSTANT,X,,,,200
506,CW_HRP,USEFULLINKS,7,OPWN Mass Upload Template,https://nusu.sharepoint.com/:x:/r/sites/ohr/CWNED  OPWN_KM/Mass Upload_OPWN.xlsx?d=w92e2d9b0d85246e6bd4aa566038670ce&csf=1&web=1&e=DpyvLw,CONSTANT,X,,,,200
507,CW_HRP_REPORT_ADMIN,USEFULLINKS,7,CW/NED Mass Upload Template,https://nusu.sharepoint.com/:x:/r/sites/ohr/CWNED  OPWN_KM/Mass Upload_CW_NED.xlsx?d=w10dd798038ab43c484a90283511da0b1&csf=1&web=1&e=L9K8wc,CONSTANT,X,,,,200
508,CW_HRP_REPORT_ADMIN,USEFULLINKS,7,OPWN Mass Upload Template,https://nusu.sharepoint.com/:x:/r/sites/ohr/CWNED  OPWN_KM/Mass Upload_OPWN.xlsx?d=w92e2d9b0d85246e6bd4aa566038670ce&csf=1&web=1&e=DpyvLw,CONSTANT,X,,,,200
509,MATRIX_ADMIN,QUICK_LINKS,10,OT_EA_DETAILED_REPORT,OT,CONSTANT,X,,,,100
510,MATRIX_ADMIN,QUICK_LINKS,11,OT_NON_EA_DETAILED_REPORT,OT,CONSTANT,X,,,,100
511,SUPER_ADMIN,QUICK_LINKS,10,OT_EA_DETAILED_REPORT,OT,CONSTANT,X,,,,100
512,SUPER_ADMIN,QUICK_LINKS,11,OT_NON_EA_DETAILED_REPORT,OT,CONSTANT,X,,,,100
513,ALL,USEFULLINKS,8,Video Library,https://geniuschannel.ap.panopto.com/Panopto/Pages/Sessions/List.aspx#folderID=%22edb51c9c-5b25-4736-b6fa-b090001f8dd8%22,CONSTANT,X,,,,200
514,,CW_DETAILED_REPORT,7,startupParameter,,CONSTANT,X,,,,100
515,,CW_DETAILED_REPORT,1,name,Contingent Workforce,CONSTANT,X,,,,100
516,,CW_DETAILED_REPORT,2,info,Detailed Report,CONSTANT,X,,,,100
517,,CW_DETAILED_REPORT,3,icon,sap-icon://Fiori5/F0708,CONSTANT,X,,,,100
518,,CW_DETAILED_REPORT,4,semantic,cw_detailedreport,CONSTANT,X,,,,100
519,,CW_DETAILED_REPORT,5,action,Display,CONSTANT,X,,,,100
520,,CW_DETAILED_REPORT,6,relativePath,,CONSTANT,X,,,,100
521,CLAIM_ASSISTANT,QUICK_LINKS,11,CW_DETAILED_REPORT,OT,CONSTANT,X,,,,100
522,REPORTING_MGR,QUICK_LINKS,11,CW_DETAILED_REPORT,OT,CONSTANT,X,,,,100
523,ADDITIONAL_APP_1,QUICK_LINKS,10,CW_DETAILED_REPORT,OT,CONSTANT,X,,,,100
524,ADDITIONAL_APP_2,QUICK_LINKS,10,CW_DETAILED_REPORT,OT,CONSTANT,X,,,,100
525,CW_APP_ADMIN,QUICK_LINKS,8,APPROVER_MATRIX,Approval Matrix,CONSTANT,X,,,,200
526,,OFN_REPORT,7,startupParameter,,CONSTANT,X,,,,200
527,,OFN_REPORT,1,name,OFN Report,CONSTANT,X,,,,200
528,,OFN_REPORT,2,info,OFN Report,CONSTANT,X,,,,200
529,,OFN_REPORT,3,icon,sap-icon://Fiori5/F0708,CONSTANT,X,,,,200
530,,OFN_REPORT,4,semantic,ofnreportview,CONSTANT,X,,,,200
531,,OFN_REPORT,5,action,display,CONSTANT,X,,,,200
532,,OFN_REPORT,6,relativePath,,CONSTANT,X,,,,200
533,OFN_ADMIN,QUICK_LINKS,11,OFN_REPORT,OT,CONSTANT,X,,,,200
534,CLAIM_ASSISTANT,USEFULLINKS,9,OT Claim Submission Mass Upload File,https://nusu.sharepoint.com/:x:/r/sites/ofn/userguides/Payroll eClaims/Part-time teaching/03 Claim Assistant/PTT Claims Upload template.xlsx,CONSTANT,X,,,,100
535,CLAIM_ASSISTANT,USEFULLINKS,9,CW Claim Submission Mass Upload File,https://nusu.sharepoint.com/:x:/r/sites/ofn/userguides/Payroll eClaims/Part-time teaching/03 Claim Assistant/PTT Claims Upload template.xlsx,CONSTANT,X,,,,100
536,,APP_ADMIN_REPORT,7,startupParameter,,CONSTANT,X,,,,200
537,,APP_ADMIN_REPORT,1,name,Access & Configuration Maintenance,CONSTANT,X,,,,200
538,,APP_ADMIN_REPORT,2,info,Access & Configuration Maintenance,CONSTANT,X,,,,200
539,,APP_ADMIN_REPORT,3,icon,sap-icon://Fiori5/F0708,CONSTANT,X,,,,200
540,,APP_ADMIN_REPORT,4,semantic,accessconfigapp,CONSTANT,X,,,,200
541,,APP_ADMIN_REPORT,5,action,display,CONSTANT,X,,,,200
542,,APP_ADMIN_REPORT,6,relativePath,,CONSTANT,X,,,,200
543,ECLAIMS_CONFIG_ADMIN,QUICK_LINKS,8,APP_ADMIN_REPORT,Approval Matrix,CONSTANT,X,,,,200
544,CWS_CONFIG_ADMIN,QUICK_LINKS,8,APP_ADMIN_REPORT,Approval Matrix,CONSTANT,X,,,,200
545,ECLAIMS_DATA_ADMIN,QUICK_LINKS,8,APP_ADMIN_REPORT,Approval Matrix,CONSTANT,X,,,,200
546,CWS_DATA_ADMIN,QUICK_LINKS,8,APP_ADMIN_REPORT,Approval Matrix,CONSTANT,X,,,,200
547,IT_ADMIN,QUICK_LINKS,8,APP_ADMIN_REPORT,Approval Matrix,CONSTANT,X,,,,200
548,ECLAIMS_CONFIG_ADMIN,QUICK_LINKS,8,APP_ADMIN_REPORT,Approval Matrix,CONSTANT,X,,,,100
549,CWS_CONFIG_ADMIN,QUICK_LINKS,8,APP_ADMIN_REPORT,Approval Matrix,CONSTANT,X,,,,100
550,ECLAIMS_DATA_ADMIN,QUICK_LINKS,8,APP_ADMIN_REPORT,Approval Matrix,CONSTANT,X,,,,100
551,CWS_DATA_ADMIN,QUICK_LINKS,8,APP_ADMIN_REPORT,Approval Matrix,CONSTANT,X,,,,100
552,IT_ADMIN,QUICK_LINKS,8,APP_ADMIN_REPORT,Approval Matrix,CONSTANT,X,,,,100
553,,APP_ADMIN_REPORT,7,startupParameter,,CONSTANT,X,,,,100
554,,APP_ADMIN_REPORT,1,name,Access & Configuration Maintenance,CONSTANT,X,,,,100
555,,APP_ADMIN_REPORT,2,info,Access & Configuration Maintenance,CONSTANT,X,,,,100
556,,APP_ADMIN_REPORT,3,icon,sap-icon://Fiori5/F0708,CONSTANT,X,,,,100
557,,APP_ADMIN_REPORT,4,semantic,accessconfigapp,CONSTANT,X,,,,100
558,,APP_ADMIN_REPORT,5,action,display,CONSTANT,X,,,,100
559,,APP_ADMIN_REPORT,6,relativePath,,CONSTANT,X,,,,100
560,DEPARTMENT_ADMIN,QUICK_LINKS,11,OT_NON_EA_DETAILED_REPORT,OT,CONSTANT,X,,,,100
561,DEPARTMENT_ADMIN,QUICK_LINKS,10,OT_EA_DETAILED_REPORT,OT,CONSTANT,X,,,,100
562,DEPARTMENT_ADMIN,QUICK_LINKS,11,CW_DETAILED_REPORT,OT,CONSTANT,X,,,,100
563,MATRIX_ADMIN,QUICK_LINKS,11,CW_DETAILED_REPORT,CW,CONSTANT,X,,,,100
564,SUPER_ADMIN,QUICK_LINKS,11,CW_DETAILED_REPORT,CW,CONSTANT,X,,,,100
565,,TAXABLE_BENEFIT,7,startupParameter,CMASST,CONSTANT,X,,,,100
566,,TAXABLE_BENEFIT,1,name,Taxable Benefit,CONSTANT,X,,,,100
567,,TAXABLE_BENEFIT,2,info,Taxable Benefit,CONSTANT,X,,,,100
568,,TAXABLE_BENEFIT,3,icon,sap-icon://Fiori5/F0708,CONSTANT,X,,,,100
569,,TAXABLE_BENEFIT,4,semantic,tbclaims,CONSTANT,X,,,,100
570,,TAXABLE_BENEFIT,5,action,display,CONSTANT,X,,,,100
571,,TAXABLE_BENEFIT,6,relativePath,,CONSTANT,X,,,,100
572,CLAIM_ASSISTANT,QUICK_LINKS,2,TAXABLE_BENEFIT,Taxable Benefit,CONSTANT,X,,,,100
573,,TB_DETAILED_REPORT,6,relativePath,,CONSTANT,X,,,,100
574,,TB_DETAILED_REPORT,7,startupParameter,,CONSTANT,X,,,,100
575,,TB_DETAILED_REPORT,1,name,Taxable Benefit,CONSTANT,X,,,,100
576,,TB_DETAILED_REPORT,2,info,Detailed Report,CONSTANT,X,,,,100
577,,TB_DETAILED_REPORT,3,icon,sap-icon://Fiori2/F0021,CONSTANT,X,,,,100
578,,TB_DETAILED_REPORT,4,semantic,tbdetailedreport,CONSTANT,X,,,,100
579,,TB_DETAILED_REPORT,5,action,Display,CONSTANT,X,,,,100
580,CLAIM_ASSISTANT,QUICK_LINKS,11,TB_DETAILED_REPORT,OT,CONSTANT,X,,,,100
581,FINANCE_LEAD,QUICK_LINKS,11,TB_DETAILED_REPORT,OT,CONSTANT,X,,,,100
582,CLAIM_ASSISTANT,QUICK_LINKS,11,TB_DETAILED_REPORT,OT,CONSTANT,X,,,,100
583,DEPARTMENT_ADMIN,QUICK_LINKS,11,TB_DETAILED_REPORT,OT,CONSTANT,X,,,,100
584,MATRIX_ADMIN,QUICK_LINKS,11,TB_DETAILED_REPORT,CW,CONSTANT,X,,,,100
585,SUPER_ADMIN,QUICK_LINKS,11,TB_DETAILED_REPORT,CW,CONSTANT,X,,,,100
588,HRP,QUICK_LINKS,10,CW_DETAILED_REPORT,OT,CONSTANT,X,,,,100
589,HRP,QUICK_LINKS,11,OT_NON_EA_DETAILED_REPORT,OT,CONSTANT,X,,,,100
590,HRP,QUICK_LINKS,10,OT_EA_DETAILED_REPORT,OT,CONSTANT,X,,,,100